std.assert	0359a18a02aad4c418c5e0cdb1746db9d6d335b7f4920a3e56bfdd59ac191832
std.bytes	0072488d87ab42a03a7d6be6f28434404e379e12bd02526282ac1970ccb15586
std.collections	69b9d6c8bf6bee481ee151114803a8946f3f0fbbb17b2612905c17ea58ff6ac5
std.compress	0fb6922bd4e8239c2b9c98bc7137e84cddd75594f5c6fca59373247f9645d947
std.crypto	edb63e34a459b2af343d9ca0df93e16f45e43f5be47af32f1476c5e0ae654a0a
std.dns	10e4a60f187c9285a1efa24d75d75b6ec1db9968fdf0f5b9e852ea5162b94e66
std.encoding	c3fa6c2f39c63432b7802679b34a86bdf7da94c1fac26347da84b808a7c03dcd
std.error	659bca8f168f9e62936439b06c83827e4c0dbd9d02f5830f4bc46b25c388ba87
std.fs	87c257775a2389403b3e4d65e30432276e176b11ca33c2b9dcddc2323a374083
std.http	e27b43394cb9b0ab58def7c3abc5e6ffda6336e1379bef0874398ef57e5101ae
std.io	7acbf15cdb5bd2804168df402bc42a6711a9364018da474a5f293b8e53ce9167
std.json	67689c61269cc80ca7a5777232d303c639d49d7ab42388b2e9bee60eaf8ab807
std.log	e440340d75084d69728008f4fcdccf737e1389d39eba10cb58ac4778c72a5a24
std.metrics	9380bdbfeb71456d621acfa9655cab0fbba9ec8a44806ac68cdb48c44c5c1832
std.mime	7ebbef69391277a5a9c7cf80b250b81a1f72933cf1aa3b5c646c4734ced9134b
std.multipart	ad86f2bcdf30b56fde9ab34ef737f7ac16e3f035c1fe1224676436d522e3b8cc
std.net	e4b3b3af3a40522df5369bd7260821d7d1fcd727e6d5ce17cdcba5247c3a5330
std.os	fa173c3f856bf7200455e4cbdc22076a2ece1e3fbb99f268799cb91f33f2e9ea
std.reflect	a3f7e391347a0c31987359bb8cdad4760393f43625a81f91e74ff5e6b9fa8e0a
std.signal	5aa5c29b816e2fea6382c00fa622f26b9046bb9eab2bb5728ec8fd350e3f528e
std.stream	1d0be87c9e42f9ef90a8fb6d7a429d61d28d9bf054741edd71fddbd76d7b4a38
std.sync	40bb749617f5cfb8860a886407b7a6f1250ef455c194824ee9a549bbf5d56a14
std.task	2a672348c3cc52142dc7e196d18d20fc32f0ffd06fcc0cd7d53f5506fb6a0572
std.test	968cde322b2b3f2afd27e3ae288136c2e04760c24796766805257cbf5dcdbc40
std.time	905a6df8a2e84a8017d268dcc9f5e20dd7a4de2510596bc94403c7c57eebe6e8
std.tls	93a36c9e431e414c8f4f01dd2ea943e31238ce498ce417e2c0b3c7a7be08dceb
std.url	365cbe47a331094a080ce2b555e504c7a2cfb32969de95ae5ed7b4af47b2ae7a
std.udp	b1803833b2c17b2590ee6a531e2a46f8087abcfee6dd666cdf0285d0f2a87b08
std.websocket	500138a467254734299d2b6e736b54cab7dfad7d43a02d6163e5e91d4e6bd966
